-- MySQL dump 10.13  Distrib 8.0.36, for Win64 (x86_64)
--
-- Host: 127.0.0.1    Database: restaurant
-- ------------------------------------------------------
-- Server version	8.0.36

/*!40101 SET @OLD_CHARACTER_SET_CLIENT=@@CHARACTER_SET_CLIENT */;
/*!40101 SET @OLD_CHARACTER_SET_RESULTS=@@CHARACTER_SET_RESULTS */;
/*!40101 SET @OLD_COLLATION_CONNECTION=@@COLLATION_CONNECTION */;
/*!50503 SET NAMES utf8 */;
/*!40103 SET @OLD_TIME_ZONE=@@TIME_ZONE */;
/*!40103 SET TIME_ZONE='+00:00' */;
/*!40014 SET @OLD_UNIQUE_CHECKS=@@UNIQUE_CHECKS, UNIQUE_CHECKS=0 */;
/*!40014 SET @OLD_FOREIGN_KEY_CHECKS=@@FOREIGN_KEY_CHECKS, FOREIGN_KEY_CHECKS=0 */;
/*!40101 SET @OLD_SQL_MODE=@@SQL_MODE, SQL_MODE='NO_AUTO_VALUE_ON_ZERO' */;
/*!40111 SET @OLD_SQL_NOTES=@@SQL_NOTES, SQL_NOTES=0 */;

--
-- Table structure for table `dishes_order`
--

DROP TABLE IF EXISTS `dishes_order`;
/*!40101 SET @saved_cs_client     = @@character_set_client */;
/*!50503 SET character_set_client = utf8mb4 */;
CREATE TABLE `dishes_order` (
  `id` int NOT NULL AUTO_INCREMENT,
  `order_id` int NOT NULL,
  `menu_id` int NOT NULL,
  `quantity` int NOT NULL DEFAULT '1',
  `note` varchar(255) DEFAULT NULL,
  PRIMARY KEY (`id`),
  KEY `fk_menu` (`menu_id`),
  KEY `fk_order` (`order_id`),
  CONSTRAINT `fk_menu` FOREIGN KEY (`menu_id`) REFERENCES `menus` (`menu_id`),
  CONSTRAINT `fk_order` FOREIGN KEY (`order_id`) REFERENCES `orders` (`order_id`)
) ENGINE=InnoDB AUTO_INCREMENT=1529 DEFAULT CHARSET=utf8mb3;
/*!40101 SET character_set_client = @saved_cs_client */;

--
-- Dumping data for table `dishes_order`
--

LOCK TABLES `dishes_order` WRITE;
/*!40000 ALTER TABLE `dishes_order` DISABLE KEYS */;
INSERT INTO `dishes_order` VALUES (412,480252906,3,1,NULL),(413,480252907,10,1,NULL),(414,480252907,5,1,NULL),(415,480252907,6,1,NULL),(416,480252907,22,1,NULL),(417,480252907,20,1,NULL),(418,480252907,21,1,NULL),(419,480252908,20,1,NULL),(420,480252908,3,1,NULL),(421,480252908,3,1,NULL),(422,480252908,22,1,NULL),(423,480252908,7,1,NULL),(424,480252909,19,1,NULL),(425,480252909,26,1,NULL),(426,480252910,26,1,NULL),(427,480252910,8,1,NULL),(428,480252910,23,1,NULL),(429,480252910,6,1,NULL),(430,480252910,11,1,NULL),(431,480252910,23,1,NULL),(432,480252911,20,1,NULL),(433,480252912,11,1,NULL),(434,480252912,20,1,NULL),(435,480252913,26,1,NULL),(436,480252913,7,1,NULL),(437,480252913,21,1,NULL),(438,480252914,24,1,NULL),(439,480252914,2,1,NULL),(440,480252914,7,1,NULL),(441,480252914,23,1,NULL),(442,480252914,18,1,NULL),(443,480252914,6,1,NULL),(444,480252915,3,1,NULL),(445,480252915,8,1,NULL),(446,480252915,6,1,NULL),(447,480252915,17,1,NULL),(448,480252915,23,1,NULL),(449,480252916,24,1,NULL),(450,480252916,18,1,NULL),(451,480252916,20,1,NULL),(452,480252917,6,1,NULL),(453,480252917,3,1,NULL),(454,480252918,19,1,NULL),(455,480252918,19,1,NULL),(456,480252918,25,1,NULL),(457,480252921,2,1,NULL),(458,480252921,3,1,NULL),(459,480252921,5,1,NULL),(460,480252921,6,1,NULL),(461,480252921,7,1,NULL),(462,480252921,8,1,NULL),(463,480252921,9,1,NULL),(464,480252921,10,1,NULL),(465,480252921,11,1,NULL),(466,480252921,12,1,NULL),(467,480252921,17,1,NULL),(468,480252921,18,1,NULL),(469,480252921,19,1,NULL),(470,480252921,20,1,NULL),(471,480252921,21,1,NULL),(472,480252921,22,1,NULL),(473,480252921,23,1,NULL),(474,480252921,24,1,NULL),(475,480252921,25,1,NULL),(476,480252921,26,1,NULL),(477,480252921,27,1,NULL),(478,480252922,2,1,NULL),(479,480252922,3,1,NULL),(480,480252922,5,1,NULL),(481,480252922,6,1,NULL),(482,480252922,7,1,NULL),(483,480252922,8,1,NULL),(484,480252922,9,1,NULL),(485,480252922,10,1,NULL),(486,480252922,11,1,NULL),(487,480252922,12,1,NULL),(488,480252922,17,1,NULL),(489,480252922,18,1,NULL),(490,480252922,19,1,NULL),(491,480252922,20,1,NULL),(492,480252922,21,1,NULL),(493,480252922,22,1,NULL),(494,480252922,23,1,NULL),(495,480252922,24,1,NULL),(496,480252922,25,1,NULL),(497,480252922,26,1,NULL),(498,480252922,27,1,NULL),(499,480252923,2,1,NULL),(500,480252923,3,1,NULL),(501,480252923,5,1,NULL),(502,480252923,6,1,NULL),(503,480252923,7,1,NULL),(504,480252923,8,1,NULL),(505,480252923,9,1,NULL),(506,480252923,10,1,NULL),(507,480252923,11,1,NULL),(508,480252923,12,1,NULL),(509,480252923,17,1,NULL),(510,480252923,18,1,NULL),(511,480252923,19,1,NULL),(512,480252923,20,1,NULL),(513,480252923,21,1,NULL),(514,480252923,22,1,NULL),(515,480252923,23,1,NULL),(516,480252923,24,1,NULL),(517,480252923,25,1,NULL),(518,480252923,26,1,NULL),(519,480252923,27,1,NULL),(520,480252924,2,1,NULL),(521,480252924,3,1,NULL),(522,480252924,5,1,NULL),(523,480252924,6,1,NULL),(524,480252924,7,1,NULL),(525,480252924,8,1,NULL),(526,480252924,9,1,NULL),(527,480252924,10,1,NULL),(528,480252924,11,1,NULL),(529,480252924,12,1,NULL),(530,480252924,17,1,NULL),(531,480252924,18,1,NULL),(532,480252924,19,1,NULL),(533,480252924,20,1,NULL),(534,480252924,21,1,NULL),(535,480252924,22,1,NULL),(536,480252924,23,1,NULL),(537,480252924,24,1,NULL),(538,480252924,25,1,NULL),(539,480252924,26,1,NULL),(540,480252924,27,1,NULL),(541,480252925,2,1,NULL),(542,480252925,3,1,NULL),(543,480252925,5,1,NULL),(544,480252925,6,1,NULL),(545,480252925,7,1,NULL),(546,480252925,8,1,NULL),(547,480252925,9,1,NULL),(548,480252925,10,1,NULL),(549,480252925,11,1,NULL),(550,480252925,12,1,NULL),(551,480252925,17,1,NULL),(552,480252925,18,1,NULL),(553,480252925,19,1,NULL),(554,480252925,20,1,NULL),(555,480252925,21,1,NULL),(556,480252925,22,1,NULL),(557,480252925,23,1,NULL),(558,480252925,24,1,NULL),(559,480252925,25,1,NULL),(560,480252925,26,1,NULL),(561,480252925,27,1,NULL),(562,480252926,2,1,NULL),(563,480252926,3,1,NULL),(564,480252926,5,1,NULL),(565,480252926,6,1,NULL),(566,480252926,7,1,NULL),(567,480252926,8,1,NULL),(568,480252926,9,1,NULL),(569,480252926,10,1,NULL),(570,480252926,11,1,NULL),(571,480252926,12,1,NULL),(572,480252926,17,1,NULL),(573,480252926,18,1,NULL),(574,480252926,19,1,NULL),(575,480252926,20,1,NULL),(576,480252926,21,1,NULL),(577,480252926,22,1,NULL),(578,480252926,23,1,NULL),(579,480252926,24,1,NULL),(580,480252926,25,1,NULL),(581,480252926,26,1,NULL),(582,480252926,27,1,NULL),(583,480252927,2,1,NULL),(584,480252927,3,1,NULL),(585,480252927,5,1,NULL),(586,480252927,6,1,NULL),(587,480252927,7,1,NULL),(588,480252927,8,1,NULL),(589,480252927,9,1,NULL),(590,480252927,10,1,NULL),(591,480252927,11,1,NULL),(592,480252927,12,1,NULL),(593,480252927,17,1,NULL),(594,480252927,18,1,NULL),(595,480252927,19,1,NULL),(596,480252927,20,1,NULL),(597,480252927,21,1,NULL),(598,480252927,22,1,NULL),(599,480252927,23,1,NULL),(600,480252927,24,1,NULL),(601,480252927,25,1,NULL),(602,480252927,26,1,NULL),(603,480252927,27,1,NULL),(604,480252928,5,1,''),(605,480252928,19,1,''),(606,480252929,8,1,''),(607,480252930,11,1,''),(608,480252930,27,1,''),(609,480252930,7,1,''),(610,480252930,6,1,''),(611,480252930,23,1,''),(612,480252930,21,1,''),(613,480252931,6,1,''),(614,480252931,19,1,''),(615,480252932,27,1,''),(616,480252932,19,1,''),(617,480252933,25,1,''),(618,480252934,3,1,''),(619,480252934,17,1,''),(620,480252934,8,1,''),(621,480252935,22,1,''),(622,480252936,21,1,''),(623,480252936,9,1,''),(624,480252937,6,1,''),(625,480252937,19,1,''),(626,480252938,12,1,''),(627,480252938,12,1,''),(628,480252938,7,1,''),(629,480252938,5,1,''),(630,480252938,27,1,''),(631,480252939,3,1,''),(632,480252939,8,1,''),(633,480252940,8,1,''),(634,480252940,11,1,''),(635,480252940,22,1,''),(636,480252941,19,1,''),(637,480252941,6,1,''),(638,480252942,17,1,''),(639,480252942,17,1,''),(640,480252943,10,1,''),(641,480252943,22,1,''),(642,480252943,22,1,''),(643,480252943,22,1,''),(644,480252943,8,1,''),(645,480252943,3,1,''),(646,480252943,7,1,''),(647,480252943,7,1,''),(648,480252944,6,1,''),(649,480252944,10,1,''),(650,480252945,7,1,''),(651,480252945,9,1,''),(652,480252946,18,1,''),(653,480252946,27,1,''),(654,480252946,22,1,''),(655,480252947,21,1,''),(656,480252947,10,1,''),(657,480252948,3,1,''),(658,480252948,26,1,''),(659,480252948,21,1,''),(660,480252948,23,1,''),(661,480252948,7,1,''),(662,480252949,25,1,''),(663,480252949,23,1,''),(664,480252949,7,1,''),(665,480252949,3,1,''),(666,480252949,20,1,''),(667,480252949,17,1,''),(668,480252950,27,1,''),(669,480252951,26,1,''),(670,480252951,19,1,''),(671,480252951,18,1,''),(672,480252952,23,1,''),(673,480252952,6,1,''),(674,480252952,26,1,''),(675,480252953,6,1,''),(676,480252953,12,1,''),(677,480252953,7,1,''),(678,480252953,17,1,''),(679,480252953,3,1,''),(680,480252953,17,1,''),(681,480252953,12,1,''),(682,480252953,12,1,''),(683,480252954,8,1,''),(684,480252954,27,1,''),(685,480252955,25,1,''),(686,480252955,25,1,''),(687,480252956,26,1,''),(688,480252957,17,1,''),(689,480252957,20,1,''),(690,480252958,9,1,''),(691,480252958,25,1,''),(692,480252958,20,1,''),(693,480252958,18,1,''),(694,480252958,10,1,''),(695,480252958,10,1,''),(696,480252959,8,1,''),(697,480252959,17,1,''),(698,480252959,20,1,''),(699,480252959,18,1,''),(700,480252959,21,1,''),(701,480252959,19,1,''),(702,480252960,11,1,''),(703,480252960,12,1,''),(704,480252960,10,1,''),(705,480252960,11,1,''),(706,480252960,24,1,''),(707,480252960,24,1,''),(708,480252960,11,1,''),(709,480252961,7,1,''),(710,480252961,12,1,''),(711,480252961,3,1,''),(712,480252961,6,1,''),(713,480252961,3,1,''),(714,480252962,18,1,''),(715,480252962,25,1,''),(716,480252963,17,1,''),(717,480252963,8,1,''),(718,480252964,20,1,''),(719,480252964,27,1,''),(720,480252964,21,1,''),(721,480252964,8,1,''),(722,480252964,25,1,''),(723,480252965,21,1,''),(724,480252965,28,1,''),(725,480252966,8,1,''),(726,480252966,2,1,''),(727,480252967,9,1,''),(728,480252967,17,1,''),(729,480252967,28,1,''),(730,480252968,25,1,''),(731,480252969,25,1,''),(732,480252969,25,1,''),(733,480252970,25,1,''),(734,480252970,22,1,''),(735,480252970,24,1,''),(736,480252971,3,1,''),(737,480252971,5,1,''),(738,480252971,10,1,''),(739,480252971,19,1,''),(740,480252971,20,1,''),(741,480252971,6,1,''),(742,480252971,5,1,''),(743,480252971,23,1,''),(744,480252972,12,1,''),(745,480252972,20,1,''),(746,480252972,6,1,''),(747,480252972,28,1,''),(748,480252972,21,1,''),(749,480252972,18,1,''),(750,480252973,25,1,''),(751,480252973,9,1,''),(752,480252973,12,1,''),(753,480252973,2,1,''),(754,480252973,20,1,''),(755,480252974,21,1,''),(756,480252974,9,1,''),(757,480252975,22,1,''),(758,480252975,20,1,''),(759,480252976,19,1,''),(760,480252976,5,1,''),(761,480252976,5,1,''),(762,480252977,3,1,''),(763,480252977,25,1,''),(764,480252977,25,1,''),(765,480252977,27,1,''),(766,480252977,8,1,''),(767,480252977,9,1,''),(768,480252978,2,1,''),(769,480252978,2,1,''),(770,480252978,26,1,''),(771,480252978,21,1,''),(772,480252978,26,1,''),(773,480252978,23,1,''),(774,480252979,22,1,''),(775,480252980,12,1,''),(776,480252980,8,1,''),(777,480252980,27,1,''),(778,480252980,9,1,''),(779,480252980,11,1,''),(780,480252981,10,1,''),(781,480252981,6,1,''),(782,480252981,2,1,''),(783,480252981,11,1,''),(784,480252981,25,1,''),(785,480252982,10,1,''),(786,480252982,24,1,''),(787,480252982,12,1,''),(788,480252982,25,1,''),(789,480252982,8,1,''),(790,480252982,23,1,''),(791,480252982,10,1,''),(792,480252982,25,1,''),(793,480252982,5,1,''),(794,480252982,26,1,''),(795,480252983,28,1,''),(796,480252983,25,1,''),(797,480252983,28,1,''),(798,480252983,17,1,''),(799,480252983,6,1,''),(800,480252983,7,1,''),(801,480252984,9,1,''),(802,480252984,17,1,''),(803,480252984,17,1,''),(804,480252984,28,1,''),(805,480252984,25,1,''),(806,480252984,11,1,''),(807,480252985,26,1,''),(808,480252985,25,1,''),(809,480252986,24,1,''),(810,480252986,6,1,''),(811,480252987,10,1,''),(812,480252987,19,1,''),(813,480252987,2,1,''),(814,480252987,27,1,''),(815,480252987,20,1,''),(816,480252988,20,1,''),(817,480252988,8,1,''),(818,480252989,19,1,''),(819,480252989,27,1,''),(820,480252990,12,1,''),(821,480252990,7,1,''),(822,480252991,7,1,''),(823,480252991,10,1,''),(824,480252991,9,1,''),(825,480252991,6,1,''),(826,480252991,19,1,''),(827,480252991,10,1,''),(828,480252991,8,1,''),(829,480252991,9,1,''),(830,480252991,11,1,''),(831,480252991,5,1,''),(832,480252992,20,1,''),(833,480252993,9,1,''),(834,480252993,25,1,''),(835,480252994,8,1,''),(836,480252994,26,1,''),(837,480252994,19,1,''),(838,480252994,9,1,''),(839,480252994,24,1,''),(840,480252994,7,1,''),(841,480252994,2,1,''),(842,480252994,28,1,''),(843,480252995,5,1,''),(844,480252995,6,1,''),(845,480252996,28,1,''),(846,480252996,12,1,''),(847,480252997,25,1,''),(848,480252997,20,1,''),(849,480252998,19,1,''),(850,480252998,17,1,''),(851,480252998,27,1,''),(852,480252998,6,1,''),(853,480252998,27,1,''),(854,480252998,3,1,''),(855,480252998,23,1,''),(856,480253014,8,1,NULL),(857,480253014,6,1,NULL),(858,480253015,27,1,NULL),(859,480253015,5,1,NULL),(860,480253015,3,1,NULL),(861,480253015,5,1,NULL),(862,480253015,19,1,NULL),(863,480253015,6,1,NULL),(864,480253015,8,1,NULL),(865,480253015,6,1,NULL),(866,480253015,10,1,NULL),(867,480253015,5,1,NULL),(868,480253016,28,1,NULL),(869,480253016,12,1,NULL),(870,480253016,22,1,NULL),(871,480253016,12,1,NULL),(872,480253017,9,1,NULL),(873,480253017,12,1,NULL),(874,480253017,25,1,NULL),(875,480253017,12,1,NULL),(876,480253018,24,1,NULL),(877,480253018,6,1,NULL),(878,480253018,11,1,NULL),(879,480253018,12,1,NULL),(880,480253019,22,1,NULL),(881,480253019,6,1,NULL),(882,480253019,18,1,NULL),(883,480253019,5,1,NULL),(884,480253019,9,1,NULL),(885,480253019,12,1,NULL),(886,480253020,9,1,NULL),(887,480253020,12,1,NULL),(888,480253020,10,1,NULL),(889,480253020,6,1,NULL),(890,480253020,22,1,NULL),(891,480253020,12,1,NULL),(892,480253020,10,1,NULL),(893,480253020,12,1,NULL),(894,480253020,3,1,NULL),(895,480253020,12,1,NULL),(896,480253020,8,1,NULL),(897,480253020,5,1,NULL),(898,480253021,2,1,NULL),(899,480253021,5,1,NULL),(900,480253021,11,1,NULL),(901,480253021,12,1,NULL),(902,480253021,8,1,NULL),(903,480253021,12,1,NULL),(904,480253021,24,1,NULL),(905,480253021,5,1,NULL),(906,480253021,23,1,NULL),(907,480253021,12,1,NULL),(908,480253022,3,1,NULL),(909,480253022,5,1,NULL),(910,480253022,24,1,NULL),(911,480253022,6,1,NULL),(912,480253022,20,1,NULL),(913,480253022,12,1,NULL),(914,480253022,20,1,NULL),(915,480253022,6,1,NULL),(916,480253022,23,1,NULL),(917,480253022,12,1,NULL),(918,480253023,7,1,NULL),(919,480253023,6,1,NULL),(920,480253023,19,1,NULL),(921,480253023,5,1,NULL),(922,480253023,17,1,NULL),(923,480253023,5,1,NULL),(924,480253023,21,1,NULL),(925,480253023,5,1,NULL),(926,480253023,19,1,NULL),(927,480253023,6,1,NULL),(928,480253023,19,1,NULL),(929,480253023,6,1,NULL),(930,480253023,3,1,NULL),(931,480253023,5,1,NULL),(932,480253023,10,1,NULL),(933,480253023,12,1,NULL),(934,480253024,7,1,NULL),(935,480253024,12,1,NULL),(936,480253024,25,1,NULL),(937,480253024,5,1,NULL),(938,480253025,19,1,NULL),(939,480253025,6,1,NULL),(940,480253025,21,1,NULL),(941,480253025,12,1,NULL),(942,480253025,27,1,NULL),(943,480253025,12,1,NULL),(944,480253025,25,1,NULL),(945,480253025,6,1,NULL),(946,480253025,25,1,NULL),(947,480253025,6,1,NULL),(948,480253025,11,1,NULL),(949,480253025,12,1,NULL),(950,480253026,19,1,NULL),(951,480253026,5,1,NULL),(952,480253026,7,1,NULL),(953,480253026,5,1,NULL),(954,480253026,25,1,NULL),(955,480253026,12,1,NULL),(956,480253026,24,1,NULL),(957,480253026,12,1,NULL),(958,480253026,10,1,NULL),(959,480253026,12,1,NULL),(960,480253027,19,1,NULL),(961,480253027,6,1,NULL),(962,480253027,11,1,NULL),(963,480253027,12,1,NULL),(964,480253027,7,1,NULL),(965,480253027,5,1,NULL),(966,480253028,7,1,NULL),(967,480253028,6,1,NULL),(968,480253028,7,1,NULL),(969,480253028,6,1,NULL),(970,480253029,24,1,NULL),(971,480253029,6,1,NULL),(972,480253029,2,1,NULL),(973,480253029,12,1,NULL),(974,480253030,25,1,NULL),(975,480253030,5,1,NULL),(976,480253030,20,1,NULL),(977,480253030,12,1,NULL),(978,480253030,26,1,NULL),(979,480253030,12,1,NULL),(980,480253030,28,1,NULL),(981,480253030,5,1,NULL),(982,480253030,8,1,NULL),(983,480253030,6,1,NULL),(984,480253030,26,1,NULL),(985,480253030,6,1,NULL),(986,480253030,9,1,NULL),(987,480253030,6,1,NULL),(988,480253030,8,1,NULL),(989,480253030,6,1,NULL),(990,480253031,28,1,NULL),(991,480253031,5,1,NULL),(992,480253031,25,1,NULL),(993,480253031,5,1,NULL),(994,480253031,8,1,NULL),(995,480253031,6,1,NULL),(996,480253031,25,1,NULL),(997,480253031,5,1,NULL),(998,480253031,21,1,NULL),(999,480253031,6,1,NULL),(1000,480253032,27,1,NULL),(1001,480253032,6,1,NULL),(1002,480253032,10,1,NULL),(1003,480253032,12,1,NULL),(1004,480253033,8,1,NULL),(1005,480253033,12,1,NULL),(1006,480253033,24,1,NULL),(1007,480253033,6,1,NULL),(1008,480253034,28,1,NULL),(1009,480253034,12,1,NULL),(1010,480253034,10,1,NULL),(1011,480253034,6,1,NULL),(1012,480253035,7,1,NULL),(1013,480253035,12,1,NULL),(1014,480253035,20,1,NULL),(1015,480253035,12,1,NULL),(1016,480253035,25,1,NULL),(1017,480253035,6,1,NULL),(1018,480253035,25,1,NULL),(1019,480253035,12,1,NULL),(1020,480253035,17,1,NULL),(1021,480253035,5,1,NULL),(1022,480253036,7,1,NULL),(1023,480253036,5,1,NULL),(1024,480253036,2,1,NULL),(1025,480253036,5,1,NULL),(1026,480253036,11,1,NULL),(1027,480253036,6,1,NULL),(1028,480253036,23,1,NULL),(1029,480253036,5,1,NULL),(1030,480253036,22,1,NULL),(1031,480253036,12,1,NULL),(1032,480253037,24,1,NULL),(1033,480253037,12,1,NULL),(1034,480253037,23,1,NULL),(1035,480253037,5,1,NULL),(1036,480253038,20,1,NULL),(1037,480253038,6,1,NULL),(1038,480253039,23,1,NULL),(1039,480253039,5,1,NULL),(1040,480253039,19,1,NULL),(1041,480253039,12,1,NULL),(1042,480253039,24,1,NULL),(1043,480253039,6,1,NULL),(1044,480253039,18,1,NULL),(1045,480253039,12,1,NULL),(1046,480253039,17,1,NULL),(1047,480253039,12,1,NULL),(1048,480253039,11,1,NULL),(1049,480253039,6,1,NULL),(1050,480253040,19,1,NULL),(1051,480253040,5,1,NULL),(1052,480253040,22,1,NULL),(1053,480253040,6,1,NULL),(1054,480253041,24,1,NULL),(1055,480253041,5,1,NULL),(1056,480253041,22,1,NULL),(1057,480253041,12,1,NULL),(1058,480253041,8,1,NULL),(1059,480253041,6,1,NULL),(1060,1575429622,23,1,''),(1061,1575429622,5,1,''),(1062,1575429622,19,1,''),(1063,1575426644,27,1,''),(1064,1575426644,28,1,''),(1065,1575426644,5,1,''),(1066,1575425637,17,1,''),(1067,1575425637,5,1,''),(1068,1575425637,3,1,''),(1069,1575424645,22,1,''),(1070,1575424645,27,1,''),(1071,1575424645,18,1,''),(1072,1575423638,21,1,''),(1073,1575423638,27,1,''),(1074,1575423638,24,1,''),(1075,1575423612,12,1,''),(1076,1575423612,19,1,''),(1077,1575423612,2,1,''),(1078,1575422646,11,1,''),(1079,1575422646,8,1,''),(1080,1575422646,23,1,''),(1081,1575422623,12,1,''),(1082,1575422623,2,1,''),(1083,1575422623,19,1,''),(1084,1575420649,27,1,''),(1085,1575420649,23,1,''),(1086,1575420649,9,1,''),(1087,1575415640,18,1,''),(1088,1575415640,17,1,''),(1089,1575415640,11,1,''),(1090,1575099302,12,1,''),(1091,1575099302,20,1,''),(1092,1575099302,2,1,''),(1093,1575097306,9,1,''),(1094,1575097306,22,1,''),(1095,1575097306,19,1,''),(1096,1575097273,11,1,''),(1097,1575097273,5,1,''),(1098,1575097273,6,1,''),(1099,1575097240,2,1,''),(1100,1575097240,22,1,''),(1101,1575097240,8,1,''),(1102,1575096301,28,1,''),(1103,1575096301,11,1,''),(1104,1575096301,5,1,''),(1105,1575095309,8,1,''),(1106,1575095309,27,1,''),(1107,1575095309,24,1,''),(1108,1575094305,23,1,''),(1109,1575094305,28,1,''),(1110,1575094305,9,1,''),(1111,1575094264,10,1,''),(1112,1575094264,12,1,''),(1113,1575094264,19,1,''),(1114,1575092302,20,1,''),(1115,1575092302,2,1,''),(1116,1575092302,7,1,''),(1117,1575092272,11,1,''),(1118,1575092272,26,1,''),(1119,1575092272,5,1,''),(1120,1575090294,3,1,''),(1121,1575090294,11,1,''),(1122,1575090294,26,1,''),(1123,1574691718,23,2,''),(1124,1574691718,8,3,''),(1125,1574691718,11,2,''),(1126,1574691682,3,1,''),(1127,1574691682,28,1,''),(1128,1574691682,10,1,''),(1129,1574690733,5,3,''),(1130,1574690733,27,3,''),(1131,1574690733,26,2,''),(1132,1574690706,18,1,''),(1133,1574690706,26,1,''),(1134,1574690706,28,2,''),(1135,1574689724,19,1,''),(1136,1574689724,17,1,''),(1137,1574689724,22,2,''),(1138,1574688722,27,3,''),(1139,1574688722,8,2,''),(1140,1574688722,2,2,''),(1141,1574685723,24,2,''),(1142,1574685723,17,2,''),(1143,1574685723,20,3,''),(1144,1574685697,10,3,''),(1145,1574685697,21,3,''),(1146,1574685697,6,1,''),(1147,1574685671,20,2,''),(1148,1574685671,17,2,''),(1149,1574685671,19,1,''),(1150,1574685647,17,2,''),(1151,1574685647,3,2,''),(1152,1574685647,21,3,''),(1153,1576548525,3,1,NULL),(1154,1576548525,12,1,NULL),(1155,1576548525,18,1,NULL),(1156,1576548525,5,1,NULL),(1157,1576548526,18,1,NULL),(1158,1576548526,6,1,NULL),(1159,1576548526,19,1,NULL),(1160,1576548526,6,1,NULL),(1161,1576548526,25,1,NULL),(1162,1576548526,5,1,NULL),(1163,1576548526,11,1,NULL),(1164,1576548526,6,1,NULL),(1165,1576548526,11,1,NULL),(1166,1576548526,6,1,NULL),(1167,1576548526,17,1,NULL),(1168,1576548526,6,1,NULL),(1169,1576548527,19,1,NULL),(1170,1576548527,5,1,NULL),(1171,1576548527,17,1,NULL),(1172,1576548527,5,1,NULL),(1173,1576548527,26,1,NULL),(1174,1576548527,5,1,NULL),(1175,1576548527,11,1,NULL),(1176,1576548527,6,1,NULL),(1177,1576548527,27,1,NULL),(1178,1576548527,5,1,NULL),(1179,1576548528,8,1,NULL),(1180,1576548528,12,1,NULL),(1181,1576548528,21,1,NULL),(1182,1576548528,5,1,NULL),(1183,1576548529,17,1,NULL),(1184,1576548529,6,1,NULL),(1185,1576548529,21,1,NULL),(1186,1576548529,5,1,NULL),(1187,1576548529,24,1,NULL),(1188,1576548529,12,1,NULL),(1189,1576548529,20,1,NULL),(1190,1576548529,5,1,NULL),(1191,1576548529,7,1,NULL),(1192,1576548529,5,1,NULL),(1193,1576548529,23,1,NULL),(1194,1576548529,6,1,NULL),(1195,1574229710,6,2,''),(1196,1574229710,21,3,''),(1197,1574229710,12,1,''),(1198,1574228721,22,2,''),(1199,1574228721,3,3,''),(1200,1574228721,5,2,''),(1201,1574228688,28,2,''),(1202,1574228688,26,3,''),(1203,1574228688,22,1,''),(1204,1574228647,23,2,''),(1205,1574228647,26,2,''),(1206,1574228647,20,3,''),(1207,1574228612,22,3,''),(1208,1574228612,27,1,''),(1209,1574228612,11,2,''),(1210,1574227715,12,3,''),(1211,1574227715,19,3,''),(1212,1574227715,2,1,''),(1213,1576548530,23,1,''),(1214,1576548531,9,1,''),(1215,1576548531,26,1,''),(1216,1576548532,22,1,''),(1217,1576548532,3,1,''),(1218,1576548532,6,1,''),(1219,1576548532,9,1,''),(1220,1576548532,19,1,''),(1221,1576548532,21,1,''),(1222,1576548532,25,1,''),(1223,1576548532,25,1,''),(1224,1576548532,5,1,''),(1225,1576548532,11,1,''),(1226,1576548533,10,1,''),(1227,1576548533,11,1,''),(1228,1576548534,18,1,''),(1229,1576548534,8,1,''),(1230,1576548534,2,1,''),(1231,1576548534,22,1,''),(1232,1576548534,22,1,''),(1233,1576548535,17,1,''),(1234,1576548535,11,1,''),(1235,1576548536,17,1,''),(1236,1576548536,7,1,''),(1237,1576548537,26,1,''),(1238,1576548537,5,1,''),(1239,1576548537,8,1,''),(1240,1576548537,27,1,''),(1241,1576548537,27,1,''),(1242,1576548537,28,1,''),(1243,1576548537,5,1,''),(1244,1576548537,3,1,''),(1245,1576548538,9,1,''),(1246,1576548538,26,1,''),(1247,1576548538,17,1,''),(1248,1576548538,12,1,''),(1249,1576548538,24,1,''),(1250,1576548539,8,1,''),(1251,1576548539,28,1,''),(1252,1576548540,3,1,''),(1253,1576548540,18,1,''),(1254,1576548540,2,1,''),(1255,1576548541,5,1,''),(1256,1576548541,12,1,''),(1257,1576548541,17,1,''),(1258,1576548541,25,1,''),(1259,1576548541,2,1,''),(1260,1576548542,23,1,''),(1261,1576548542,3,1,''),(1262,1576548543,8,1,''),(1263,1576548543,20,1,''),(1264,1576548544,25,1,''),(1265,1576548544,5,1,''),(1266,1576548545,10,1,''),(1267,1576548545,6,1,''),(1268,1576548545,5,1,''),(1269,1576548545,12,1,''),(1270,1576548545,7,1,''),(1271,1576548546,27,1,''),(1272,1576548546,22,1,''),(1273,1576548547,17,1,''),(1274,1576548547,18,1,''),(1275,1576548547,18,1,''),(1276,1576548548,17,1,''),(1277,1576548548,20,1,''),(1278,1576548548,9,1,''),(1279,1576548548,10,1,''),(1280,1576548548,28,1,''),(1281,1576548549,26,1,''),(1282,1576548550,18,1,''),(1283,1576548550,2,1,''),(1284,1576548550,17,1,''),(1285,1576548551,27,1,''),(1286,1576548551,18,1,''),(1287,1576548551,2,1,''),(1288,1576548551,5,1,''),(1289,1576548551,6,1,''),(1290,1576548552,21,1,''),(1291,1576548552,10,1,''),(1292,1576548553,23,1,''),(1293,1576548553,24,1,''),(1294,1576548554,23,1,''),(1295,1576548554,2,1,''),(1296,1576548554,20,1,''),(1297,1576548555,18,1,''),(1298,1576548555,6,1,''),(1299,1576548556,23,1,''),(1300,1576548557,28,1,''),(1301,1576548557,28,1,''),(1302,1576548557,5,1,''),(1303,1576548557,12,1,''),(1304,1576548557,3,1,''),(1305,1576548558,6,1,''),(1306,1576548558,9,1,''),(1307,1576548558,2,1,''),(1308,1576548558,20,1,''),(1309,1576548558,18,1,''),(1310,1576548558,23,1,''),(1311,1576548559,19,1,''),(1312,1576548559,27,1,''),(1313,1576548559,28,1,''),(1314,1576548559,9,1,''),(1315,1576548559,27,1,''),(1316,1576548559,9,1,''),(1317,1576548559,11,1,''),(1318,1576548559,3,1,''),(1319,1576548560,22,1,''),(1320,1576548560,8,1,''),(1321,1576548561,2,1,''),(1322,1576548561,20,1,''),(1323,1576548561,20,1,''),(1324,1576548562,9,1,''),(1325,1576548562,6,1,''),(1326,1576548562,17,1,''),(1327,1576548563,18,1,''),(1328,1576548563,8,1,''),(1329,1576548563,11,1,''),(1330,1576548563,27,1,''),(1331,1576548563,3,1,''),(1332,1576548563,26,1,''),(1333,1576548564,3,1,''),(1334,1576548564,24,1,''),(1335,1576548564,3,1,''),(1336,1576548565,17,1,''),(1337,1576548565,26,1,''),(1338,1576548565,19,1,''),(1339,1576548565,7,1,''),(1340,1576548565,8,1,''),(1341,1576548566,23,1,''),(1342,1576548566,12,1,''),(1343,1576548566,5,1,''),(1344,1576548566,21,1,''),(1345,1576548566,17,1,''),(1346,1576548566,3,1,''),(1347,1576548567,7,1,''),(1348,1576548567,27,1,''),(1349,1576548568,20,1,''),(1350,1576548568,3,1,''),(1351,1576548569,10,1,''),(1352,1576548569,20,1,''),(1353,1576548569,27,1,''),(1354,1576548569,11,1,''),(1355,1576548569,23,1,''),(1356,1576548569,7,1,''),(1357,1576548570,23,1,''),(1358,1576548570,2,1,''),(1359,1576548570,24,1,''),(1360,1576548570,23,1,''),(1361,1576548570,17,1,''),(1362,1576548570,7,1,''),(1363,1576548570,8,1,''),(1364,1576548570,18,1,''),(1365,1576548571,9,1,''),(1366,1576548571,3,1,''),(1367,1576548571,24,1,''),(1368,1576548572,18,1,''),(1369,1576548573,20,1,''),(1370,1576548573,23,1,''),(1371,1576548573,9,1,''),(1372,1576548573,3,1,''),(1373,1576548573,8,1,''),(1374,1576548574,11,1,''),(1375,1576548574,8,1,''),(1376,1576548574,10,1,''),(1377,1576548574,24,1,''),(1378,1576548574,9,1,''),(1379,1576548574,17,1,''),(1380,1576548575,26,1,''),(1381,1576548575,10,1,''),(1382,1576548576,26,1,''),(1383,1576548576,23,1,''),(1384,1576548577,12,1,''),(1385,1576548577,11,1,''),(1386,1576548577,24,1,''),(1387,1576548578,2,1,''),(1388,1576548579,3,1,''),(1389,1576548579,18,1,''),(1390,1576548579,24,1,''),(1391,1576548579,6,1,''),(1392,1576548579,5,1,''),(1393,1576548580,5,1,''),(1394,1576548580,11,1,''),(1395,1576548580,19,1,''),(1396,1576548580,27,1,''),(1397,1576548580,25,1,''),(1398,1576548580,7,1,''),(1399,1576548581,2,1,''),(1400,1576548581,18,1,''),(1401,1576548581,5,1,''),(1402,1576548582,20,1,''),(1403,1576548582,21,1,''),(1404,1576548582,23,1,''),(1405,1576548582,5,1,''),(1406,1576548582,22,1,''),(1407,1576548582,7,1,''),(1408,1576548583,11,1,''),(1409,1576548583,11,1,''),(1410,1576548583,25,1,''),(1411,1576548583,5,1,''),(1412,1576548583,9,1,''),(1413,1576548583,2,1,''),(1414,1576548583,18,1,''),(1415,1576548583,25,1,''),(1416,1576548584,20,1,''),(1417,1576548584,17,1,''),(1418,1576548584,9,1,''),(1419,1576548584,8,1,''),(1420,1576548584,17,1,''),(1421,1576548585,18,1,''),(1422,1576548585,21,1,''),(1423,1576548586,18,1,''),(1424,1576548586,27,1,''),(1425,1576548587,6,1,''),(1426,1576548587,20,1,''),(1427,1576548587,2,1,''),(1428,1576548588,12,1,''),(1429,1576548588,19,1,''),(1430,1576548588,19,1,''),(1431,1576548588,23,1,''),(1432,1576548588,3,1,''),(1433,1576548588,27,1,''),(1434,1576548588,24,1,''),(1435,1576548588,8,1,''),(1436,1576548588,26,1,''),(1437,1576548589,2,1,''),(1438,1576548589,7,1,''),(1439,1576548590,27,1,''),(1440,1576548590,11,1,''),(1441,1576548591,9,1,''),(1442,1576548592,22,1,''),(1443,1576548592,10,1,''),(1444,1576548592,26,1,''),(1445,1576548592,9,1,''),(1446,1576548592,10,1,''),(1447,1576548592,18,1,''),(1448,1576548593,9,1,''),(1449,1576548593,25,1,''),(1450,1576548593,8,1,''),(1451,1576548593,3,1,''),(1452,1576548593,27,1,''),(1453,1576548594,12,1,''),(1454,1576548594,3,1,''),(1455,1576548595,2,1,''),(1456,1576548595,26,1,''),(1457,1576548595,25,1,''),(1458,1576548596,10,1,''),(1459,1576548596,26,1,''),(1460,1576548596,23,1,''),(1461,1576548596,28,1,''),(1462,1576548596,5,1,''),(1463,1576548596,28,1,''),(1464,1576548596,2,1,''),(1465,1576548596,5,1,''),(1466,1576548596,12,1,''),(1467,1576548596,18,1,''),(1468,1576548597,9,1,''),(1469,1576548598,17,1,''),(1470,1576548598,9,1,''),(1471,1576548598,11,1,''),(1472,1576548598,21,1,''),(1473,1576548598,28,1,''),(1474,1576548599,8,1,''),(1475,1576548599,23,1,''),(1476,1576548599,9,1,''),(1477,1576548600,22,1,''),(1478,1576548600,24,1,''),(1479,1576548600,11,1,''),(1480,1576548601,25,1,''),(1481,1576548602,25,1,''),(1482,1576548602,17,1,''),(1483,1576548603,8,1,''),(1484,1576548603,21,1,''),(1485,1576548603,10,1,''),(1486,894403595,7,1,''),(1487,894403595,5,1,''),(1488,1576548604,10,1,''),(1489,1576548604,27,1,''),(1490,1576548604,11,1,''),(1491,1576548604,18,1,''),(1492,1576548604,7,1,''),(1493,1576548605,20,1,''),(1494,1576548605,25,1,''),(1495,1576548605,18,1,''),(1496,1576548605,22,1,''),(1497,1576548605,17,1,''),(1498,1576548606,27,1,''),(1499,1576548606,17,1,''),(1500,1576548607,9,1,''),(1501,1576548607,23,1,''),(1502,1576548607,7,1,''),(1503,1576548608,10,1,''),(1504,1576548608,5,1,''),(1505,1576548608,28,1,''),(1506,1576548609,17,1,''),(1507,1576548609,19,1,''),(1508,1576548610,11,1,''),(1509,1576548610,7,1,''),(1510,1576548611,3,1,''),(1511,1576548612,12,1,''),(1512,1576548613,24,1,''),(1513,1576548613,25,1,''),(1514,1576548613,7,1,''),(1515,1576548613,8,1,''),(1516,1576548613,8,1,''),(1517,1576548613,22,1,''),(1518,1576548614,3,1,''),(1519,1576548614,24,1,''),(1520,1576548614,3,1,''),(1521,1576548615,22,1,''),(1522,1576548615,21,1,''),(1523,1576548615,28,1,''),(1524,1576548615,3,1,''),(1525,1576548615,3,1,''),(1526,1576548615,10,1,''),(1527,1576548615,17,1,''),(1528,1576548615,25,1,'');
/*!40000 ALTER TABLE `dishes_order` ENABLE KEYS */;
UNLOCK TABLES;

--
-- Table structure for table `menu_categories`
--

DROP TABLE IF EXISTS `menu_categories`;
/*!40101 SET @saved_cs_client     = @@character_set_client */;
/*!50503 SET character_set_client = utf8mb4 */;
CREATE TABLE `menu_categories` (
  `category_id` int NOT NULL AUTO_INCREMENT,
  `category_name` varchar(50) NOT NULL,
  `category_image` varchar(255) NOT NULL,
  PRIMARY KEY (`category_id`)
) ENGINE=InnoDB AUTO_INCREMENT=11 DEFAULT CHARSET=utf8mb3;
/*!40101 SET character_set_client = @saved_cs_client */;

--
-- Dumping data for table `menu_categories`
--

LOCK TABLES `menu_categories` WRITE;
/*!40000 ALTER TABLE `menu_categories` DISABLE KEYS */;
INSERT INTO `menu_categories` VALUES (1,'panini','burgers.jpg'),(2,'desserts','desserts.jpg'),(3,'bevande','drinks.jpg'),(4,'primi piatti','pasta.jpg'),(5,'pizze','pizzas.jpg'),(6,'birre','beers.jpg'),(7,'piadine','piadine.jpg');
/*!40000 ALTER TABLE `menu_categories` ENABLE KEYS */;
UNLOCK TABLES;

--
-- Table structure for table `menus`
--

DROP TABLE IF EXISTS `menus`;
/*!40101 SET @saved_cs_client     = @@character_set_client */;
/*!50503 SET character_set_client = utf8mb4 */;
CREATE TABLE `menus` (
  `menu_id` int NOT NULL AUTO_INCREMENT,
  `menu_name` varchar(100) NOT NULL,
  `menu_description` varchar(255) NOT NULL,
  `menu_price` decimal(6,2) NOT NULL,
  `menu_image` varchar(255) DEFAULT 'not_image.jpg',
  `category_id` int NOT NULL,
  PRIMARY KEY (`menu_id`),
  KEY `FK_menu_category_id` (`category_id`),
  CONSTRAINT `FK_menu_category_id` FOREIGN KEY (`category_id`) REFERENCES `menu_categories` (`category_id`)
) ENGINE=InnoDB AUTO_INCREMENT=30 DEFAULT CHARSET=utf8mb3;
/*!40101 SET character_set_client = @saved_cs_client */;

--
-- Dumping data for table `menus`
--

LOCK TABLES `menus` WRITE;
/*!40000 ALTER TABLE `menus` DISABLE KEYS */;
INSERT INTO `menus` VALUES (2,'Hamburger','panino con hamburger',9.80,'burgerone.jpg',1),(3,'gelato','cono gelato classico',2.50,'gelato.jpg',2),(5,'caffe','caffe amaro',1.00,'caffe.jpg',3),(6,'The','bevanda fredda',3.20,'tea.jpg',3),(7,'Bucatini alla amatriciana','bucatini con sugo guanciale e pecorino',13.00,'bucatini.jpg',4),(8,'Cannelloni','pasta ripiena di carne',15.00,'cannelloni.jpg',4),(9,'Margherita','pizza con mozzarella salsa e basilico',4.00,'margherita.jpg',5),(10,'Diavola','pizza con salame',6.00,'diavola.png',5),(11,'piadina kebab','piadina con kebab completo',5.00,'piadinakebab.jpeg',7),(12,'Sprite','bevanda gassata',2.00,'licensed-image.jpg',3),(17,'Peroni','birra italiana',3.00,'peroni.jpg',6),(18,'Corona','birra bionda',3.00,'corona.jpg',6),(19,'ichnusa','birra sarda non filtrata',4.00,'ichnusa.jpg',6),(20,'cheesecake','torta con base biscottata e formaggio con marmellata ai frutti rossi',5.00,'cheesecake.jpg',2),(21,'red velvet','torta rossa con crema al burro',5.00,'redvelvet.jpg',2),(22,'doppio cheeseburger','hamburger con doppio hamburger',10.00,'cheeseburger.jpg',1),(23,'crispy','panino con il pollo',8.90,'crispy.jpg',1),(24,'carbonara','spaghetti con guanciale e uova',13.00,'carbonara.jpg',4),(25,'cacio e pepe','spaghetti con pecorino e pepe',13.00,'caciopepe.jpg',4),(26,'romagnola','piadina con bresaola',5.00,'romagnola.jpg',7),(27,'salutare','piadina con crudo',5.00,'salutare.jpeg',7),(28,'Capricciosa','Pizza',8.00,'capricciosa-pizza-napoletana-doc.jpg',5);
/*!40000 ALTER TABLE `menus` ENABLE KEYS */;
UNLOCK TABLES;

--
-- Table structure for table `orders`
--

DROP TABLE IF EXISTS `orders`;
/*!40101 SET @saved_cs_client     = @@character_set_client */;
/*!50503 SET character_set_client = utf8mb4 */;
CREATE TABLE `orders` (
  `order_id` int NOT NULL AUTO_INCREMENT,
  `order_time` datetime NOT NULL DEFAULT CURRENT_TIMESTAMP,
  `delivered` tinyint(1) NOT NULL DEFAULT '0',
  `table_id` int NOT NULL,
  `completed` tinyint(1) NOT NULL DEFAULT '0',
  `transaction_id` int DEFAULT NULL,
  PRIMARY KEY (`order_id`),
  KEY `fk_table` (`table_id`),
  KEY `fk_transaction` (`transaction_id`),
  CONSTRAINT `fk_table` FOREIGN KEY (`table_id`) REFERENCES `tables` (`table_id`),
  CONSTRAINT `fk_transaction` FOREIGN KEY (`transaction_id`) REFERENCES `transaction` (`transaction_id`)
) ENGINE=InnoDB AUTO_INCREMENT=1576548616 DEFAULT CHARSET=utf8mb3;
/*!40101 SET character_set_client = @saved_cs_client */;

--
-- Dumping data for table `orders`
--

LOCK TABLES `orders` WRITE;
/*!40000 ALTER TABLE `orders` DISABLE KEYS */;
INSERT INTO `orders` VALUES (118332272,'2024-06-11 13:27:31',1,5,1,1),(480252870,'2024-06-11 13:34:30',1,1,1,2),(480252871,'2024-06-11 13:34:33',1,6,1,10),(480252872,'2024-06-11 13:34:36',1,4,1,47),(480252873,'2024-06-11 13:34:39',1,3,1,4),(480252874,'2024-06-11 16:26:01',1,5,1,5),(480252875,'2024-06-11 16:26:04',1,12,1,71),(480252876,'2024-06-11 16:26:07',1,9,1,14),(480252877,'2024-06-11 16:26:10',1,1,1,9),(480252878,'2024-06-11 16:26:18',1,11,1,6),(480252879,'2024-06-11 16:26:23',1,4,1,52),(480252880,'2024-06-11 16:26:23',1,7,1,17),(480252881,'2024-06-11 16:27:23',1,9,1,18),(480252882,'2024-06-11 16:27:26',1,1,1,15),(480252883,'2024-06-11 16:27:29',1,10,1,3),(480252884,'2024-06-11 16:27:32',1,3,1,41),(480252885,'2024-06-11 16:30:36',1,12,1,96),(480252886,'2024-06-11 16:30:38',1,3,1,45),(480252887,'2024-06-11 16:30:41',1,5,1,57),(480252888,'2024-06-11 16:30:44',1,4,1,53),(480252889,'2024-06-11 16:30:53',1,10,1,7),(480252890,'2024-06-11 16:30:57',1,5,1,59),(480252891,'2024-06-11 16:30:58',1,11,1,16),(480252892,'2024-06-11 16:31:02',1,3,1,49),(480252893,'2024-06-11 16:31:12',1,8,1,19),(480252894,'2024-06-11 16:31:17',1,1,1,37),(480252895,'2024-06-11 16:31:18',1,2,1,43),(480252896,'2024-06-11 16:31:22',1,7,1,55),(480252897,'2024-06-11 16:31:32',1,9,1,80),(480252898,'2024-06-11 16:31:37',1,3,1,50),(480252899,'2024-06-11 16:31:38',1,8,1,58),(480252900,'2024-06-11 16:31:43',1,5,1,64),(480252901,'2024-06-11 16:42:13',1,10,1,8),(480252902,'2024-06-11 16:42:16',1,3,1,54),(480252903,'2024-06-11 16:42:19',1,5,1,66),(480252904,'2024-06-11 16:42:22',1,11,1,75),(480252905,'2024-06-11 16:42:30',1,10,1,63),(480252906,'2024-06-11 16:52:12',1,10,1,11),(480252907,'2024-06-11 16:52:15',1,1,1,35),(480252908,'2024-06-11 16:52:18',1,6,1,12),(480252909,'2024-06-11 16:52:21',1,4,1,13),(480252910,'2024-06-11 17:15:29',1,9,1,34),(480252911,'2024-06-11 17:15:32',1,1,1,36),(480252912,'2024-06-11 17:15:35',1,11,1,99),(480252913,'2024-06-11 17:15:38',1,7,1,93),(480252914,'2024-06-11 17:15:46',1,9,1,95),(480252915,'2024-06-11 17:16:59',1,8,1,61),(480252916,'2024-06-11 17:17:02',1,6,1,20),(480252917,'2024-06-11 17:17:05',1,11,1,152),(480252918,'2024-06-11 17:17:08',1,7,0,NULL),(480252919,'2024-06-11 18:59:50',1,3,1,21),(480252920,'2024-06-11 18:59:53',1,7,1,29),(480252921,'2024-06-11 19:00:26',1,10,1,22),(480252922,'2024-06-11 19:00:28',1,4,1,23),(480252923,'2024-06-11 19:00:31',1,2,1,24),(480252924,'2024-06-11 19:00:34',1,1,1,25),(480252925,'2024-06-11 19:00:37',1,7,1,32),(480252926,'2024-06-11 19:00:38',1,3,1,27),(480252927,'2024-06-11 19:00:38',1,5,1,28),(480252928,'2024-06-11 19:03:13',1,11,1,26),(480252929,'2024-06-11 19:03:15',1,2,1,33),(480252930,'2024-06-11 19:03:18',1,1,1,31),(480252931,'2024-06-11 19:03:21',1,5,1,30),(480252932,'2024-06-11 19:14:55',1,11,1,163),(480252933,'2024-06-11 19:14:58',1,6,1,62),(480252934,'2024-06-11 19:15:01',1,3,1,81),(480252935,'2024-06-11 19:15:04',1,10,1,65),(480252936,'2024-06-11 19:15:17',1,5,1,90),(480252937,'2024-06-11 19:15:37',1,4,1,56),(480252938,'2024-06-11 19:45:46',1,6,1,89),(480252939,'2024-06-11 19:45:49',1,7,0,NULL),(480252940,'2024-06-11 19:45:52',1,8,1,67),(480252941,'2024-06-11 19:45:55',1,2,1,44),(480252942,'2024-06-11 19:46:43',1,4,1,60),(480252943,'2024-06-11 19:46:46',1,15,1,79),(480252944,'2024-06-11 19:46:49',1,5,1,91),(480252945,'2024-06-11 19:46:52',1,13,1,69),(480252946,'2024-06-11 19:47:05',1,7,0,NULL),(480252947,'2024-06-11 20:26:04',1,13,1,72),(480252948,'2024-06-11 20:26:07',1,6,1,159),(480252949,'2024-06-11 20:26:10',1,1,1,38),(480252950,'2024-06-11 20:26:13',1,10,1,73),(480252951,'2024-06-11 20:26:16',1,3,1,85),(480252952,'2024-06-12 16:14:33',1,7,0,NULL),(480252953,'2024-06-12 16:14:36',1,15,1,83),(480252954,'2024-06-12 16:14:39',1,4,1,82),(480252955,'2024-06-12 16:14:42',1,11,0,NULL),(480252956,'2024-06-12 16:14:45',1,10,1,97),(480252957,'2024-06-12 16:14:53',1,13,1,74),(480252958,'2024-06-12 16:15:36',1,9,1,103),(480252959,'2024-06-12 16:15:39',1,1,1,39),(480252960,'2024-06-12 16:15:42',1,12,1,155),(480252961,'2024-06-12 16:15:45',1,15,1,102),(480252962,'2024-06-12 16:15:48',1,2,1,46),(480252963,'2024-06-12 16:16:06',1,4,1,86),(480252964,'2024-06-12 16:50:40',1,14,1,70),(480252965,'2024-06-12 16:50:43',1,11,0,NULL),(480252966,'2024-06-12 16:50:46',1,2,1,48),(480252967,'2024-06-12 16:50:49',1,7,0,NULL),(480252968,'2024-06-12 16:50:52',1,10,1,98),(480252969,'2024-06-12 21:02:50',1,4,1,87),(480252970,'2024-06-12 21:02:53',1,7,0,NULL),(480252971,'2024-06-12 21:02:56',1,15,1,105),(480252972,'2024-06-12 21:02:59',1,9,1,104),(480252973,'2024-06-12 21:03:02',1,14,1,76),(480252974,'2024-06-12 21:03:10',1,2,1,51),(480252975,'2024-06-12 21:03:10',1,13,1,78),(480252976,'2024-06-12 21:03:15',1,12,0,NULL),(480252977,'2024-06-12 21:03:15',1,1,1,40),(480252978,'2024-06-12 21:05:22',1,1,1,42),(480252979,'2024-06-12 21:05:25',1,13,1,94),(480252980,'2024-06-12 21:05:28',1,6,0,NULL),(480252981,'2024-06-12 21:05:31',1,8,1,68),(480252982,'2024-06-12 21:05:34',1,12,0,NULL),(480252983,'2024-06-12 21:05:42',1,9,0,NULL),(480252984,'2024-06-12 21:11:07',1,12,0,NULL),(480252985,'2024-06-12 21:11:10',1,13,1,101),(480252986,'2024-06-12 21:11:13',1,11,0,NULL),(480252987,'2024-06-12 21:11:16',1,6,0,NULL),(480252988,'2024-06-12 21:11:19',1,5,1,92),(480252989,'2024-06-30 17:45:08',1,11,0,NULL),(480252990,'2024-06-30 17:45:11',1,14,1,77),(480252991,'2024-06-30 17:45:14',1,12,0,NULL),(480252992,'2024-06-30 17:45:17',1,10,1,100),(480252993,'2024-06-30 17:45:20',1,13,1,156),(480252994,'2024-06-30 17:51:58',1,15,1,158),(480252995,'2024-06-30 17:52:01',1,13,0,NULL),(480252996,'2024-06-30 17:52:04',1,2,1,84),(480252997,'2024-06-30 17:52:07',1,4,1,88),(480252998,'2024-06-30 17:52:10',1,12,0,NULL),(480252999,'2024-06-30 18:54:19',0,15,1,106),(480253000,'2024-06-30 18:54:20',0,8,1,107),(480253001,'2024-06-30 18:54:21',0,1,1,110),(480253002,'2024-06-30 18:54:21',0,5,1,108),(480253003,'2024-06-30 18:54:22',0,13,1,109),(480253004,'2024-06-30 18:54:28',0,12,1,111),(480253005,'2024-06-30 18:54:31',0,7,1,114),(480253006,'2024-06-30 18:54:31',0,10,1,113),(480253007,'2024-06-30 18:54:32',0,3,1,112),(480253008,'2024-06-30 18:54:34',0,6,1,115),(480253009,'2024-06-30 18:54:39',0,14,1,116),(480253010,'2024-06-30 18:54:43',0,5,1,160),(480253011,'2024-06-30 18:54:43',0,8,1,162),(480253012,'2024-06-30 18:54:43',0,4,0,NULL),(480253013,'2024-06-30 18:54:44',0,2,1,154),(480253014,'2024-06-30 19:01:55',0,10,1,153),(480253015,'2024-06-30 19:01:56',0,8,0,NULL),(480253016,'2024-06-30 19:01:58',0,4,0,NULL),(480253017,'2024-06-30 19:01:58',0,13,0,NULL),(480253018,'2024-06-30 19:01:58',0,4,0,NULL),(480253019,'2024-06-30 19:07:01',0,7,0,NULL),(480253020,'2024-06-30 19:07:02',0,1,0,NULL),(480253021,'2024-06-30 19:07:05',0,8,0,NULL),(480253022,'2024-06-30 19:07:05',0,14,0,NULL),(480253023,'2024-06-30 19:07:05',0,15,0,NULL),(480253024,'2024-06-30 19:20:23',0,11,0,NULL),(480253025,'2024-06-30 19:20:27',0,1,0,NULL),(480253026,'2024-06-30 19:20:28',0,14,0,NULL),(480253027,'2024-06-30 19:20:29',0,3,1,161),(480253028,'2024-06-30 19:20:32',0,4,0,NULL),(480253029,'2024-06-30 19:22:38',0,13,0,NULL),(480253030,'2024-06-30 19:22:41',0,15,0,NULL),(480253031,'2024-06-30 19:22:42',0,6,0,NULL),(480253032,'2024-06-30 19:22:44',1,4,0,NULL),(480253033,'2024-06-30 19:22:46',0,2,1,157),(480253034,'2024-06-30 19:26:22',0,13,0,NULL),(480253035,'2024-06-30 19:26:24',0,14,0,NULL),(480253036,'2024-06-30 19:26:26',0,8,0,NULL),(480253037,'2024-06-30 19:26:27',0,2,1,164),(480253038,'2024-06-30 19:28:21',0,10,0,NULL),(480253039,'2024-06-30 19:28:27',0,9,0,NULL),(480253040,'2024-06-30 19:28:28',0,11,0,NULL),(480253041,'2024-06-30 19:28:30',0,3,0,NULL),(894403595,'2024-07-19 13:11:22',0,6,0,NULL),(1574227715,'2024-07-11 16:20:58',0,9,0,NULL),(1574228612,'2024-07-11 16:20:57',0,6,0,NULL),(1574228647,'2024-07-11 16:20:57',0,14,0,NULL),(1574228688,'2024-07-11 16:20:57',0,13,0,NULL),(1574228721,'2024-07-11 16:20:57',0,7,0,NULL),(1574229710,'2024-07-11 16:20:56',0,10,0,NULL),(1574685647,'2024-07-11 16:13:20',0,14,0,NULL),(1574685671,'2024-07-11 16:13:20',0,5,0,NULL),(1574685697,'2024-07-11 16:13:20',0,4,0,NULL),(1574685723,'2024-07-11 16:13:20',0,1,0,NULL),(1574688722,'2024-07-11 16:13:17',0,11,0,NULL),(1574689724,'2024-07-11 16:13:16',0,12,0,NULL),(1574690706,'2024-07-11 16:13:15',0,2,0,NULL),(1574690733,'2024-07-11 16:13:15',0,4,0,NULL),(1574691682,'2024-07-11 16:13:14',0,15,0,NULL),(1574691718,'2024-07-11 16:13:14',0,9,0,NULL),(1575090294,'2024-07-11 16:06:35',0,3,0,NULL),(1575092272,'2024-07-11 16:06:33',0,8,0,NULL),(1575092302,'2024-07-11 16:06:33',0,4,0,NULL),(1575094264,'2024-07-11 16:06:31',0,10,0,NULL),(1575094305,'2024-07-11 16:06:31',0,15,0,NULL),(1575095309,'2024-07-11 16:06:30',0,2,0,NULL),(1575096301,'2024-07-11 16:06:29',0,9,0,NULL),(1575097240,'2024-07-11 16:06:28',0,12,0,NULL),(1575097273,'2024-07-11 16:06:28',0,14,0,NULL),(1575097306,'2024-07-11 16:06:28',0,11,0,NULL),(1575099302,'2024-07-11 16:06:26',0,7,0,NULL),(1575415640,'2024-07-11 16:01:10',0,9,0,NULL),(1575420649,'2024-07-11 16:01:05',0,8,0,NULL),(1575422623,'2024-07-11 16:01:03',0,13,0,NULL),(1575422646,'2024-07-11 16:01:03',0,14,0,NULL),(1575423612,'2024-07-11 16:01:02',0,6,0,NULL),(1575423638,'2024-07-11 16:01:02',0,11,0,NULL),(1575424645,'2024-07-11 16:01:01',0,3,0,NULL),(1575425637,'2024-07-11 16:01:00',0,5,0,NULL),(1575426644,'2024-07-11 16:00:59',0,7,0,NULL),(1575429622,'2024-07-11 16:00:56',0,2,0,NULL),(1575500538,'2024-07-11 15:59:45',0,8,0,NULL),(1575501527,'2024-07-11 15:59:44',0,6,0,NULL),(1575501554,'2024-07-11 15:59:44',0,15,0,NULL),(1575502536,'2024-07-11 15:59:43',0,1,0,NULL),(1575503553,'2024-07-11 15:59:42',0,4,0,NULL),(1575504539,'2024-07-11 15:59:41',0,11,0,NULL),(1575506409,'2024-07-11 15:59:39',0,5,0,NULL),(1575506447,'2024-07-11 15:59:39',0,7,0,NULL),(1575506483,'2024-07-11 15:59:39',0,12,0,NULL),(1575506531,'2024-07-11 15:59:39',0,2,0,NULL),(1575954519,'2024-07-11 15:52:11',0,10,0,NULL),(1575955494,'2024-07-11 15:52:10',0,11,0,NULL),(1575959514,'2024-07-11 15:52:06',0,6,0,NULL),(1575964183,'2024-07-11 15:52:02',0,10,0,NULL),(1575964453,'2024-07-11 15:52:01',0,3,0,NULL),(1575964977,'2024-07-11 15:52:01',0,4,0,NULL),(1575966522,'2024-07-11 15:51:59',0,8,0,NULL),(1575967490,'2024-07-11 15:51:58',0,5,0,NULL),(1575969469,'2024-07-11 15:51:56',0,12,0,NULL),(1575969486,'2024-07-11 15:51:56',0,6,0,NULL),(1575969504,'2024-07-11 15:51:56',0,2,0,NULL),(1575971514,'2024-07-11 15:51:54',0,15,0,NULL),(1575972521,'2024-07-11 15:51:53',0,13,0,NULL),(1575974521,'2024-07-11 15:51:51',0,7,0,NULL),(1575975498,'2024-07-11 15:51:50',0,9,0,NULL),(1575977513,'2024-07-11 15:51:48',0,1,0,NULL),(1575985493,'2024-07-11 15:51:40',0,5,0,NULL),(1575985512,'2024-07-11 15:51:40',0,1,0,NULL),(1575989471,'2024-07-11 15:51:36',0,11,0,NULL),(1575989491,'2024-07-11 15:51:36',0,14,0,NULL),(1575989510,'2024-07-11 15:51:36',0,3,0,NULL),(1575990517,'2024-07-11 15:51:35',0,9,0,NULL),(1575991510,'2024-07-11 15:51:34',0,15,0,NULL),(1575994519,'2024-07-11 15:51:31',0,10,0,NULL),(1575996520,'2024-07-11 15:51:29',0,8,0,NULL),(1575997475,'2024-07-11 15:51:28',0,5,0,NULL),(1575997503,'2024-07-11 15:51:28',0,6,0,NULL),(1576380603,'2024-07-11 15:45:05',0,5,0,NULL),(1576381607,'2024-07-11 15:45:04',0,9,0,NULL),(1576382603,'2024-07-11 15:45:03',0,3,0,NULL),(1576382604,'2024-07-11 15:45:03',0,3,0,NULL),(1576384604,'2024-07-11 15:45:01',0,11,0,NULL),(1576385612,'2024-07-11 15:45:00',0,6,0,NULL),(1576386599,'2024-07-11 15:44:59',0,13,0,NULL),(1576523286,'2024-07-11 15:42:42',0,2,0,NULL),(1576528527,'2024-07-11 15:42:37',0,4,0,NULL),(1576528528,'2024-07-11 15:42:37',0,4,0,NULL),(1576532527,'2024-07-11 15:42:33',0,15,0,NULL),(1576534527,'2024-07-11 15:42:31',0,6,0,NULL),(1576537534,'2024-07-11 15:42:28',0,3,0,NULL),(1576537535,'2024-07-11 15:42:28',0,3,0,NULL),(1576538528,'2024-07-11 15:42:27',0,10,0,NULL),(1576540528,'2024-07-11 15:42:25',0,12,0,NULL),(1576541536,'2024-07-11 15:42:24',0,14,0,NULL),(1576543535,'2024-07-11 15:42:22',0,9,0,NULL),(1576545533,'2024-07-11 15:42:20',0,11,0,NULL),(1576546526,'2024-07-11 15:42:19',0,1,0,NULL),(1576547530,'2024-07-11 15:42:18',0,4,0,NULL),(1576547531,'2024-07-11 15:42:18',0,4,0,NULL),(1576548524,'2024-07-11 15:42:17',0,13,0,NULL),(1576548525,'2024-07-11 16:15:11',0,5,0,NULL),(1576548526,'2024-07-11 16:15:13',0,1,0,NULL),(1576548527,'2024-07-11 16:15:14',0,8,0,NULL),(1576548528,'2024-07-11 16:15:17',0,2,0,NULL),(1576548529,'2024-07-11 16:15:18',0,9,0,NULL),(1576548530,'2024-07-18 14:46:07',0,10,0,NULL),(1576548531,'2024-07-18 14:46:10',0,2,0,NULL),(1576548532,'2024-07-18 14:46:13',0,12,0,NULL),(1576548533,'2024-07-18 14:46:16',0,4,0,NULL),(1576548534,'2024-07-18 14:46:19',0,6,0,NULL),(1576548535,'2024-07-18 14:57:25',0,13,0,NULL),(1576548536,'2024-07-18 14:57:28',0,2,0,NULL),(1576548537,'2024-07-18 14:57:31',0,15,0,NULL),(1576548538,'2024-07-18 14:57:34',0,6,0,NULL),(1576548539,'2024-07-18 14:57:37',0,5,0,NULL),(1576548540,'2024-07-18 14:57:45',0,3,0,NULL),(1576548541,'2024-07-18 14:57:45',0,8,0,NULL),(1576548542,'2024-07-18 14:57:50',0,11,0,NULL),(1576548543,'2024-07-18 14:57:50',0,2,0,NULL),(1576548544,'2024-07-18 14:57:55',0,4,0,NULL),(1576548545,'2024-07-18 15:05:38',0,6,0,NULL),(1576548546,'2024-07-18 15:05:41',0,4,0,NULL),(1576548547,'2024-07-18 15:05:44',0,7,0,NULL),(1576548548,'2024-07-18 15:05:47',0,8,0,NULL),(1576548549,'2024-07-18 15:10:38',0,10,0,NULL),(1576548550,'2024-07-18 15:10:41',0,3,0,NULL),(1576548551,'2024-07-18 15:10:44',0,14,0,NULL),(1576548552,'2024-07-18 15:10:47',0,13,0,NULL),(1576548553,'2024-07-18 15:10:50',0,2,0,NULL),(1576548554,'2024-07-18 15:10:58',0,8,0,NULL),(1576548555,'2024-07-18 15:10:58',0,5,0,NULL),(1576548556,'2024-07-18 15:11:03',0,10,0,NULL),(1576548557,'2024-07-18 15:11:03',0,14,0,NULL),(1576548558,'2024-07-18 15:11:08',0,1,0,NULL),(1576548559,'2024-07-18 15:15:20',0,15,0,NULL),(1576548560,'2024-07-18 15:15:23',0,11,0,NULL),(1576548561,'2024-07-18 15:15:26',0,7,0,NULL),(1576548562,'2024-07-18 15:15:29',0,14,0,NULL),(1576548563,'2024-07-18 15:15:32',0,1,0,NULL),(1576548564,'2024-07-18 15:15:40',0,3,0,NULL),(1576548565,'2024-07-18 15:15:40',0,6,0,NULL),(1576548566,'2024-07-18 15:15:45',0,9,0,NULL),(1576548567,'2024-07-18 15:15:45',0,5,0,NULL),(1576548568,'2024-07-18 15:15:50',0,4,0,NULL),(1576548569,'2024-07-18 15:16:00',0,1,0,NULL),(1576548570,'2024-07-18 15:16:00',0,15,0,NULL),(1576548571,'2024-07-18 15:16:05',0,3,0,NULL),(1576548572,'2024-07-18 15:16:05',0,10,0,NULL),(1576548573,'2024-07-18 15:16:10',0,14,0,NULL),(1576548574,'2024-07-18 15:16:20',0,1,0,NULL),(1576548575,'2024-07-18 15:16:20',0,13,0,NULL),(1576548576,'2024-07-18 15:16:25',0,11,0,NULL),(1576548577,'2024-07-18 15:16:25',0,3,0,NULL),(1576548578,'2024-07-18 15:16:30',0,10,0,NULL),(1576548579,'2024-07-18 15:16:40',0,14,0,NULL),(1576548580,'2024-07-18 15:16:40',0,9,0,NULL),(1576548581,'2024-07-18 15:22:03',0,7,0,NULL),(1576548582,'2024-07-18 15:22:06',0,9,0,NULL),(1576548583,'2024-07-18 15:22:09',0,15,0,NULL),(1576548584,'2024-07-18 15:22:12',0,6,0,NULL),(1576548585,'2024-07-18 15:22:15',0,5,0,NULL),(1576548586,'2024-07-18 15:22:23',0,11,0,NULL),(1576548587,'2024-07-18 15:22:23',0,7,0,NULL),(1576548588,'2024-07-18 15:22:28',0,12,0,NULL),(1576548589,'2024-07-18 15:22:28',0,13,0,NULL),(1576548590,'2024-07-18 15:22:33',0,2,0,NULL),(1576548591,'2024-07-18 15:22:43',0,10,0,NULL),(1576548592,'2024-07-18 15:22:43',0,9,0,NULL),(1576548593,'2024-07-18 15:22:48',0,14,0,NULL),(1576548594,'2024-07-18 15:22:48',0,13,0,NULL),(1576548595,'2024-07-18 15:22:53',1,7,0,NULL),(1576548596,'2024-07-18 15:47:07',0,12,0,NULL),(1576548597,'2024-07-18 15:57:57',0,15,0,NULL),(1576548598,'2024-07-18 15:58:00',0,14,0,NULL),(1576548599,'2024-07-18 15:58:03',0,3,0,NULL),(1576548600,'2024-07-18 16:04:32',0,7,0,NULL),(1576548601,'2024-07-18 16:04:35',0,10,0,NULL),(1576548602,'2024-07-18 16:04:38',0,2,0,NULL),(1576548603,'2024-07-18 16:08:41',0,3,0,NULL),(1576548604,'2024-07-19 13:16:07',0,14,0,NULL),(1576548605,'2024-07-19 13:16:44',0,6,0,NULL),(1576548606,'2024-07-19 13:16:47',0,4,0,NULL),(1576548607,'2024-07-19 13:16:50',0,3,0,NULL),(1576548608,'2024-07-19 13:16:53',0,7,0,NULL),(1576548609,'2024-07-19 13:16:56',0,11,0,NULL),(1576548610,'2024-07-19 13:17:04',0,2,0,NULL),(1576548611,'2024-07-19 13:17:04',0,10,0,NULL),(1576548612,'2024-07-19 13:17:09',0,5,0,NULL),(1576548613,'2024-07-19 13:17:09',0,1,0,NULL),(1576548614,'2024-07-19 13:17:14',0,7,0,NULL),(1576548615,'2024-07-19 13:17:53',0,15,0,NULL);
/*!40000 ALTER TABLE `orders` ENABLE KEYS */;
UNLOCK TABLES;

--
-- Table structure for table `tables`
--

DROP TABLE IF EXISTS `tables`;
/*!40101 SET @saved_cs_client     = @@character_set_client */;
/*!50503 SET character_set_client = utf8mb4 */;
CREATE TABLE `tables` (
  `table_id` int NOT NULL AUTO_INCREMENT,
  `seats` int NOT NULL DEFAULT '1',
  PRIMARY KEY (`table_id`)
) ENGINE=InnoDB AUTO_INCREMENT=16 DEFAULT CHARSET=utf8mb3;
/*!40101 SET character_set_client = @saved_cs_client */;

--
-- Dumping data for table `tables`
--

LOCK TABLES `tables` WRITE;
/*!40000 ALTER TABLE `tables` DISABLE KEYS */;
INSERT INTO `tables` VALUES (1,6),(2,2),(3,3),(4,2),(5,2),(6,5),(7,3),(8,5),(9,6),(10,1),(11,2),(12,10),(13,2),(14,5),(15,8);
/*!40000 ALTER TABLE `tables` ENABLE KEYS */;
UNLOCK TABLES;

--
-- Table structure for table `transaction`
--

DROP TABLE IF EXISTS `transaction`;
/*!40101 SET @saved_cs_client     = @@character_set_client */;
/*!50503 SET character_set_client = utf8mb4 */;
CREATE TABLE `transaction` (
  `transaction_id` int NOT NULL AUTO_INCREMENT,
  `order_id` int NOT NULL,
  `payment_amount` decimal(10,2) NOT NULL,
  `payment_method` varchar(50) NOT NULL,
  `transaction_date` datetime NOT NULL DEFAULT CURRENT_TIMESTAMP,
  PRIMARY KEY (`transaction_id`),
  KEY `fk_order_id` (`order_id`),
  CONSTRAINT `fk_order_id` FOREIGN KEY (`order_id`) REFERENCES `orders` (`order_id`)
) ENGINE=InnoDB AUTO_INCREMENT=165 DEFAULT CHARSET=utf8mb3;
/*!40101 SET character_set_client = @saved_cs_client */;

--
-- Dumping data for table `transaction`
--

LOCK TABLES `transaction` WRITE;
/*!40000 ALTER TABLE `transaction` DISABLE KEYS */;
INSERT INTO `transaction` VALUES (1,118332272,20.60,'Carta di Credito','2024-06-11 13:34:09'),(2,480252870,25.00,'Carta di Credito','2024-06-11 16:32:09'),(3,480252883,5.00,'bancomat','2024-06-11 16:42:23'),(4,480252873,13.20,'bancomat','2024-06-11 16:42:26'),(5,480252874,10.00,'bancomat','2024-06-11 16:42:29'),(6,480252878,10.00,'bancomat','2024-06-11 16:42:32'),(7,480252889,5.00,'bancomat','2024-06-11 16:42:40'),(8,480252901,0.00,'bancomat','2024-06-11 16:52:22'),(9,480252877,0.00,'bancomat','2024-06-11 16:52:25'),(10,480252871,0.00,'bancomat','2024-06-11 16:52:28'),(11,480252906,2.50,'Carta di Credito','2024-06-11 16:53:49'),(12,480252908,33.00,'Carta di Credito','2024-06-11 17:06:13'),(13,480252909,9.00,'Contanti','2024-06-11 17:06:28'),(14,480252876,0.00,'bancomat','2024-06-11 17:15:40'),(15,480252882,0.00,'bancomat','2024-06-11 17:15:42'),(16,480252891,0.00,'bancomat','2024-06-11 17:15:45'),(17,480252880,0.00,'bancomat','2024-06-11 17:15:48'),(18,480252881,0.00,'bancomat','2024-06-11 17:15:56'),(19,480252893,0.00,'bancomat','2024-06-11 17:17:09'),(20,480252916,21.00,'bancomat','2024-06-11 17:17:12'),(21,480252919,0.00,'bancomat','2024-06-11 18:59:55'),(22,480252921,136.40,'bancomat','2024-06-11 19:00:31'),(23,480252922,136.40,'bancomat','2024-06-11 19:00:34'),(24,480252923,136.40,'bancomat','2024-06-11 19:00:37'),(25,480252924,136.40,'bancomat','2024-06-11 19:00:40'),(26,480252928,5.00,'bancomat','2024-06-11 19:03:23'),(27,480252926,136.40,'contanti','2024-06-11 19:15:11'),(28,480252927,136.40,'contanti','2024-06-11 19:15:27'),(29,480252920,0.00,'carta di credito','2024-06-11 19:45:59'),(30,480252931,7.20,'carta di credito','2024-06-11 19:46:59'),(31,480252930,40.10,'bancomat','2024-06-11 20:26:20'),(32,480252925,136.40,'carta di credito','2024-06-12 16:14:43'),(33,480252929,15.00,'contanti','2024-06-12 16:15:58'),(34,480252910,46.00,'Carta di Credito','2024-06-12 16:42:48'),(35,480252907,30.20,'contanti','2024-06-12 21:05:32'),(36,480252911,5.00,'Carta di Credito','2024-06-30 18:18:39'),(37,480252894,0.00,'bancomat','2024-06-30 18:35:17'),(38,480252949,45.40,'bancomat','2024-06-30 18:35:18'),(39,480252959,35.00,'bancomat','2024-06-30 18:35:20'),(40,480252977,52.50,'bancomat','2024-06-30 18:35:20'),(41,480252884,0.00,'bancomat','2024-06-30 18:35:22'),(42,480252978,43.50,'bancomat','2024-06-30 18:35:23'),(43,480252895,0.00,'contanti','2024-06-30 18:35:25'),(44,480252941,7.20,'bancomat','2024-06-30 18:35:25'),(45,480252886,0.00,'contanti','2024-06-30 18:35:25'),(46,480252962,16.00,'bancomat','2024-06-30 18:35:25'),(47,480252872,0.00,'contanti','2024-06-30 18:35:26'),(48,480252966,24.80,'carta di credito','2024-06-30 18:35:27'),(49,480252892,0.00,'carta di credito','2024-06-30 18:35:27'),(50,480252898,0.00,'contanti','2024-06-30 18:35:28'),(51,480252974,9.00,'bancomat','2024-06-30 18:35:28'),(52,480252879,0.00,'contanti','2024-06-30 18:35:28'),(53,480252888,0.00,'carta di credito','2024-06-30 18:35:28'),(54,480252902,0.00,'carta di credito','2024-06-30 18:35:29'),(55,480252896,0.00,'carta di credito','2024-06-30 18:35:31'),(56,480252937,7.20,'contanti','2024-06-30 18:35:31'),(57,480252887,0.00,'contanti','2024-06-30 18:35:31'),(58,480252899,0.00,'carta di credito','2024-06-30 18:35:32'),(59,480252890,0.00,'bancomat','2024-06-30 18:35:32'),(60,480252942,6.00,'bancomat','2024-06-30 18:35:32'),(61,480252915,32.60,'contanti','2024-06-30 18:35:33'),(62,480252933,13.00,'bancomat','2024-06-30 18:35:33'),(63,480252905,0.00,'carta di credito','2024-06-30 18:35:36'),(64,480252900,0.00,'bancomat','2024-06-30 18:35:36'),(65,480252935,10.00,'contanti','2024-06-30 18:35:36'),(66,480252903,0.00,'bancomat','2024-06-30 18:35:36'),(67,480252940,30.00,'bancomat','2024-06-30 18:35:37'),(68,480252981,37.00,'contanti','2024-06-30 18:35:39'),(69,480252945,17.00,'contanti','2024-06-30 18:35:39'),(70,480252964,43.00,'contanti','2024-06-30 18:35:40'),(71,480252875,0.00,'bancomat','2024-06-30 18:35:40'),(72,480252947,11.00,'bancomat','2024-06-30 18:35:40'),(73,480252950,5.00,'contanti','2024-06-30 18:35:41'),(74,480252957,8.00,'contanti','2024-06-30 18:35:41'),(75,480252904,0.00,'carta di credito','2024-06-30 18:35:41'),(76,480252973,33.80,'bancomat','2024-06-30 18:35:41'),(77,480252990,15.00,'bancomat','2024-06-30 18:35:42'),(78,480252975,15.00,'bancomat','2024-06-30 18:35:43'),(79,480252943,79.50,'bancomat','2024-06-30 18:35:44'),(80,480252897,0.00,'bancomat','2024-06-30 18:35:44'),(81,480252934,20.50,'carta di credito','2024-06-30 18:35:45'),(82,480252954,20.00,'carta di credito','2024-06-30 18:35:47'),(83,480252953,30.70,'bancomat','2024-06-30 18:35:48'),(84,480252996,10.00,'bancomat','2024-06-30 18:35:49'),(85,480252951,12.00,'carta di credito','2024-06-30 18:35:50'),(86,480252963,18.00,'bancomat','2024-06-30 18:35:51'),(87,480252969,26.00,'bancomat','2024-06-30 18:35:52'),(88,480252997,18.00,'contanti','2024-06-30 18:35:55'),(89,480252938,23.00,'bancomat','2024-06-30 18:35:56'),(90,480252936,9.00,'bancomat','2024-06-30 18:35:59'),(91,480252944,9.20,'contanti','2024-06-30 18:36:00'),(92,480252988,20.00,'carta di credito','2024-06-30 18:36:01'),(93,480252913,23.00,'bancomat','2024-06-30 18:36:03'),(94,480252979,10.00,'bancomat','2024-06-30 18:36:04'),(95,480252914,50.90,'bancomat','2024-06-30 18:36:06'),(96,480252885,0.00,'contanti','2024-06-30 18:36:06'),(97,480252956,5.00,'contanti','2024-06-30 18:36:07'),(98,480252968,13.00,'contanti','2024-06-30 18:36:09'),(99,480252912,10.00,'carta di credito','2024-06-30 18:36:09'),(100,480252992,5.00,'contanti','2024-06-30 18:36:09'),(101,480252985,18.00,'contanti','2024-06-30 18:36:09'),(102,480252961,23.20,'carta di credito','2024-06-30 18:36:10'),(103,480252958,37.00,'carta di credito','2024-06-30 18:36:11'),(104,480252972,26.20,'carta di credito','2024-06-30 18:36:14'),(105,480252971,31.60,'contanti','2024-06-30 18:36:16'),(106,480252999,0.00,'Bancomat','2024-06-30 18:54:26'),(107,480253000,0.00,'Carta di Credito','2024-06-30 18:54:26'),(108,480253002,0.00,'Bancomat','2024-06-30 18:54:28'),(109,480253003,0.00,'Contanti','2024-06-30 18:54:29'),(110,480253001,0.00,'Contanti','2024-06-30 18:54:29'),(111,480253004,0.00,'Bancomat','2024-06-30 18:54:36'),(112,480253007,0.00,'Bancomat','2024-06-30 18:54:38'),(113,480253006,0.00,'Contanti','2024-06-30 18:54:38'),(114,480253005,0.00,'Carta di Credito','2024-06-30 18:54:38'),(115,480253008,0.00,'Carta di Credito','2024-06-30 18:54:41'),(116,480253009,0.00,'Carta di Credito','2024-06-30 18:54:47'),(152,480252917,5.70,'Carta di Credito','2024-07-18 14:44:55'),(153,480253014,18.20,'credit card','2024-07-18 14:46:17'),(154,480253013,0.00,'credit card','2024-07-18 14:46:20'),(155,480252960,49.00,'credit card','2024-07-18 14:46:23'),(156,480252993,17.00,'contanti','2024-07-18 14:57:34'),(157,480253033,33.20,'contanti','2024-07-18 14:57:37'),(158,480252994,71.80,'contanti','2024-07-18 14:57:40'),(159,480252948,34.40,'contanti','2024-07-18 14:57:43'),(160,480253010,0.00,'contanti','2024-07-18 14:57:46'),(161,480253027,28.20,'contanti','2024-07-18 14:57:54'),(162,480253011,0.00,'contanti','2024-07-18 14:57:54'),(163,480252932,9.00,'contanti','2024-07-18 14:57:59'),(164,480253037,24.90,'contanti','2024-07-18 14:57:59');
/*!40000 ALTER TABLE `transaction` ENABLE KEYS */;
UNLOCK TABLES;

--
-- Table structure for table `user`
--

DROP TABLE IF EXISTS `user`;
/*!40101 SET @saved_cs_client     = @@character_set_client */;
/*!50503 SET character_set_client = utf8mb4 */;
CREATE TABLE `user` (
  `id` bigint NOT NULL AUTO_INCREMENT,
  `firstName` varchar(50) DEFAULT NULL,
  `middleName` varchar(50) DEFAULT NULL,
  `lastName` varchar(50) DEFAULT NULL,
  `mobile` varchar(15) DEFAULT NULL,
  `email` varchar(50) DEFAULT NULL,
  `username` varchar(45) NOT NULL,
  `password` varchar(32) NOT NULL DEFAULT (`username`),
  `admin` tinyint(1) NOT NULL DEFAULT '0',
  `waiter` tinyint(1) NOT NULL DEFAULT '0',
  PRIMARY KEY (`id`),
  UNIQUE KEY `username_UNIQUE` (`username`),
  UNIQUE KEY `uq_mobile` (`mobile`),
  UNIQUE KEY `uq_email` (`email`)
) ENGINE=InnoDB AUTO_INCREMENT=8 DEFAULT CHARSET=utf8mb4 COLLATE=utf8mb4_0900_ai_ci;
/*!40101 SET character_set_client = @saved_cs_client */;

--
-- Dumping data for table `user`
--

LOCK TABLES `user` WRITE;
/*!40000 ALTER TABLE `user` DISABLE KEYS */;
INSERT INTO `user` VALUES (1,'Pasquale','','Ruotolo','3283525048','pachiruo@gmail.com','Ipavon','Ipavon',1,0),(2,'Eugenio',NULL,'Militerno','3336808802','militernoeu@gmail.com','Eugenio','Eugenio',1,0),(3,'Marco',NULL,'Rossi','3859403878','rossimarco@gmail.com','Marco','Marco',0,1),(4,'Aniello',NULL,'Genovese','3388689850','aniellogenovese@gmail.com','Genovese','Genovese',0,1),(5,'Pippo','Franco','Esposito','3493450345','francopippo@gmail.com','Pippo','Pippo',0,1),(6,'Placeholder',NULL,'Espostio','3929450268','esposito@gmail.com','Esposito','Esposito',0,1),(7,'Domenico',NULL,'Vitobello','1230532345','Primotrd@gmail.com','Primo','Primo',0,1);
/*!40000 ALTER TABLE `user` ENABLE KEYS */;
UNLOCK TABLES;
/*!40103 SET TIME_ZONE=@OLD_TIME_ZONE */;

/*!40101 SET SQL_MODE=@OLD_SQL_MODE */;
/*!40014 SET FOREIGN_KEY_CHECKS=@OLD_FOREIGN_KEY_CHECKS */;
/*!40014 SET UNIQUE_CHECKS=@OLD_UNIQUE_CHECKS */;
/*!40101 SET CHARACTER_SET_CLIENT=@OLD_CHARACTER_SET_CLIENT */;
/*!40101 SET CHARACTER_SET_RESULTS=@OLD_CHARACTER_SET_RESULTS */;
/*!40101 SET COLLATION_CONNECTION=@OLD_COLLATION_CONNECTION */;
/*!40111 SET SQL_NOTES=@OLD_SQL_NOTES */;

-- Dump completed on 2024-07-19 13:19:55
